Style Number,Image Count
AA219,4
AA221,4
AA222,4
AA226,5
AA229,2
AA233,2
AA9254,4
AA9256,4
AA9257,1
AA9270,4
AA9298,4
AA9301,4
AA9304,4
AA9306,4
AA9308,2
AA9309,3
AA9310,1
AA9312,1
AA9313,4
AA9314,4
AA9315,4
AA9316,4
AA9317,4
AA9318,4
AA9319,6
AA9320,1
AA9321,4
AA9322,3
AA9326,4
AA9327,4
AA9329,4
AA9330,4
AA9331,4
AA9332,4
AA9335,2
AA9336,4
AA9346,4
AA9349,2
B8588,1
B8608,1
B8808,4
B8865,6
B8998,5
E1013,5
E1022,1
E1028,4
E1032,7
E1071,1
E1118,5
E1168,2
E1259,3
E1260,3
E1264,11
E1265,1
E1270,4
E1275,1
E1285,8
E1295,2
E1312,3
E1319,1
E1322,1
E1327,1
E1336,1
E1340,1
E1342,1
E1344,1
E1347,1
E1348,1
E1354,1
E1356,1
E1371,6
E1378,1
E1379,12
E1381,1
E1386,3
E1391,2
E1396,1
E1420,1
E1421,7
E1422,1
E1424,1
E1428,1
E1436,5
E1438,1
E1439,3
E1448,1
E1452,1
E1463,6
E1467,3
E1472,1
E1502,1
E1508,1
E1510,6
E1520,7
E1531,1
E1544,7
E1546,6
E1573,7
E1579,1
E1581,7
E1582,4
E1596,5
E1637,4
E1657,1
E1663,1
E1672,3
E1685,1
E1694,1
E1696,3
E1715,3
E1729,4
E1730,3
E1767,1
E1774,6
E1778,2
E1795,4
E1796,7
E1799,4
E1822,7
E1824,3
E1827,3
E1833,1
E1838,4
E1844,7
E1852,4
E1868,1
E1882,1
E1890,1
E1891,4
E1907,1
E1911,4
E1923,3
E1931,1
E1937,1
E1940,6
E1965,1
E1967,2
E1974,1
E1978,4
E1979,3
E1981,1
E1982,1
E1983,1
E1984,3
E1986,5
E1988,3
E2016,5
E2019,1
E2020,1
E2021,1
E2023,5
E2025,4
E2027,1
E2028,5
E2030,1
E2031,2
E2032,3
E2034,1
E2035,1
E2036,6
E2039,1
E2040,1
E2041,6
E2042,1
E2043,4
E2046,5
E2049,6
E2050,7
E2053,5
E2059,1
E2060,3
E2061,2
E2067,1
E2068,1
E2069,1
E2070,4
E2072,1
E2074,4
E2075,1
E2076,1
E2080,5
E2081,1
E2084,4
E2085,3
E2086,2
E2087,1
E2088,5
E2096,3
E2097,2
E2100,1
E2101,1
E2102,2
E2104,2
E2107,1
E2109,1
E2110,5
E2114,1
E2118,4
E2121,1
E2125,1
E2136,2
E2144,1
E2150,2
E2152,1
E2158,2
E2160,1
E2161,1
E2162,1
E2165,1
E2171,1
E2182,1
E2204,2
E2210,2
E2213,6
E2225,9
E2227,2
E2229,3
E2231,3
E2233,1
E2241,4
E2243,4
E2244,2
E2245,2
E2251,4
E2252,3
E2253,5
E2254,2
E2255,8
E2256,2
E2257,5
E2258,3
E2259,4
E2262,3
E2267,4
E2269,3
E2275,1
E2276,3
E2279,2
E2280,4
E2281,3
E2282,2
E2287,2
E2289,1
E2291,2
E2292,2
E2296,2
E2317,1
E2318,2
E2320,3
E2322,3
E2324,3
E2326,2
E2327,2
E2328,2
E2329,2
E2331,2
E2333,2
E2334,2
E2335,4
E2336,2
E2340,1
E2344,1
E2346,2
E2356,2
E2360,3
E2366,1
E2385,3
E2388,5
E2389,1
E2394,1
E2395,2
E2403,4
E2405,1
E2410,3
E2426,1
E2428,1
E2430,2
E2431,4
E2433,2
E2434,3
E2436,2
E2437,1
E2448,2
E2449,1
E2460,4
E2493,1
E2498,1
E2500,1
E2509,1
E2510,4
E2511,1
E2513,1
E2514,1
E2517,1
E2526,1
E2527,1
E2531,1
E2532,1
E2534,2
E2535,1
E2537,2
E2540,1
E2543,1
E2544,1
E2545,1
E2547,1
E2549,1
E2550,1
E2551,1
E2553,1
E2554,1
E2560,5
E2568,1
E2570,1
E2572,1
E2574,1
E2589,1
E2590,1
E2593,1
E2600,4
E2601,3
E2602,3
E2613,1
E2614,1
E2615,1
E2701,1
E2705,1
E2708,1
E2752,1
E2753,1
E2754,1
E2764,1
E2767,1
E2768,1
E2769,1
E2770,1
E2773,1
E2774,1
E2785,1
E2786,1
F1116,3
F570,3
