Code,Price,Handle
AA219,173,BNV780
AA221,173,BNV778
AA222,173,BNV777
AA226,310,BNV773
AA9254,348,BNV0745
AA9256,723,BNV0743
AA9257,723,BNV0742
AA9270,248,BNV0729
AA9298,823,BNV0701
AA9301,973,BNV0698
AA9304,873,BNV0695
AA9306,748,BNV0693
AA9308,873,BNV0691
AA9309,998,BNV0690
AA9310,873,BNV0689
AA9312,873,BNV0687
AA9313,873,BNV0686
AA9314,723,BNV0685
AA9315,873,BNV0684
AA9317,923,BNV0682
AA9318,873,BNV0681
AA9319,873,BNV0680
AA9320,923,BNV0679
AA9321,748,BNV0678
AA9322,748,BNV0677
AA9324,560,#N/A
AA9325,498,#N/A
AA9326,748,BNV0673
AA9327,560,BNV0672
AA9328,560,#N/A
AA9329,623,BNV0670
AA9330,873,BNV0669
AA9331,623,BNV0668
AA9332,810,BNV0667
AA9335,623,BNV0664
AA9336,323,BNV0663
B8472,236,AT1527
B8588,276,AT1411
B8608,196,AT1391
B8621,196,AT1378
B8808,158,AT1191
B8865,227,AT1134
B8896,276,AT1103
B8998,227,AT1001
B9000,198,AT0999
E1013,227,NV8986
E1022,238,NV8977
E1028,437,NV8971
E1028,437,NV8971
E1071,276,NV8928
E1168,227,NV8831
E1259,497,NV8740
E1259,497,NV8740
E1260,227,NV8739
E1264,197,NV8735
E1265,316,NV8734
E1266,145,#N/A
E1270,227,NV8729
E1275,288,NV8724
E1285,197,NV8714
E1294,388,NV8705
E1295,227,NV8704
E1319,198,NV8680
E1319,198,NV8680
E1322,178,NV8677
E1327,178,NV8672
E1327,178,NV8672
E1333,178,NV8666
E1333,178,NV8666
E1334,238,NV8665
E1336,178,NV8663
E1340,227,NV8659
E1342,158,NV8657
E1344,178,NV8655
E1344,178,NV8655
E1344,178,NV8655
E1347,158,NV8652
E1348,196,NV8651
E1354,236,NV8645
E1356,276,NV8643
E1371,156,NV8628
E1378,198,NV8621
E1379,197,NV8620
E1381,158,NV8618
E1385,156,NV8614
E1386,156,NV8613
E1387,196,NV8612
E1391,156,NV8608
E1395,269,#N/A
E1396,178,NV8603
E1412,150,NV8587
E1420,227,NV8579
E1420,227,NV8579
E1421,227,NV8578
E1422,236,NV8577
E1424,198,NV8575
E1428,198,NV8571
E1431,358,NV8568
E1436,120,NV8563
E1438,198,NV8561
E1439,196,NV8560
E1448,178,NV8551
E1452,118,NV8547
E1463,197,NV8536
E1468,292,#N/A
E1472,225,NV8527
E1498,185,#N/A
E1502,227,NV8497
E1510,198,NV8489
E1520,197,NV8479
E1531,227,NV8468
E1538,198,NV8461
E1544,197,NV8455
E1546,197,NV8453
E1573,197,NV8426
E1579,198,NV8420
E1581,197,NV8418
E1582,227,NV8417
E1619,437,#N/A
E1637,258,NV8362
E1637,258,NV8362
E1637,39,NV8362
E1657,257,NV8342
E1663,197,NV8336
E1668,322,#N/A
E1677,218,#N/A
E1683,268,NV8316
E1684,240,#N/A
E1689,198,#N/A
E1696,227,NV8303
E1715,437,NV8284
E1729,227,NV8270
E1730,197,NV8269
E1745,258,NV8254
E1767,298,NV8232
E1774,437,NV8225
E1778,218,NV8221
E1778,218,NV8221
E1796,276,NV8203
E1799,227,NV8200
E1811,437,#N/A
E1822,276,NV8177
E1824,276,NV8175
E1827,227,NV8172
E1833,497,NV8166
E1838,276,NV8161
E1844,218,NV8155
E1852,276,NV8147
E1882,298,NV8117
E1883,732,#N/A
E1907,318,NV8092
E1917,497,#N/A
E1922,760,#N/A
E1923,258,NV8076
E1940,298,NV8059
E1940,298,NV8059
E1940,298,NV8059
E1949,497,#N/A
E1965,298,NV8034
E1967,497,NV8032
E1974,437,NV8025
E1978,388,NV8021
E1978,388,NV8021
E1979,298,NV8020
E1981,298,NV8018
E1982,298,NV8017
E1983,248,NV8016
E1984,298,NV8015
E1986,570,NV8013
E1986,570,NV8013
E1988,732,NV8011
E2016,298,NV7983
E2016,298,NV7983
E2018,248,NV7981
E2018,248,NV7981
E2019,388,NV7980
E2019,388,NV7980
E2020,298,NV7979
E2021,298,NV7978
E2022,732,#N/A
E2023,388,NV7976
E2025,732,NV7974
E2025,732,NV7974
E2025,732,NV7974
E2025,732,NV7974
E2027,248,NV7972
E2028,432,NV7971
E2028,432,NV7971
E2030,248,NV7969
E2031,732,NV7968
E2031,732,NV7968
E2032,732,NV7967
E2034,248,NV7965
E2035,248,NV7964
E2036,248,NV7963
E2039,248,NV7960
E2040,148,NV7959
E2040,148,NV7959
E2041,570,NV7958
E2042,540,NV7957
E2043,732,NV7956
E2043,732,NV7956
E2046,732,NV7953
E2046,732,NV7953
E2046,732,NV7953
E2047,732,#N/A
E2048,248,NV7951
E2048,248,NV7951
E2049,707,NV7950
E2049,707,NV7950
E2050,570,NV7949
E2050,570,NV7949
E2053,375,NV7946
E2057,298,NV7942
E2057,298,NV7942
E2059,198,NV7940
E2059,198,NV7940
E2060,732,NV7939
E2061,198,NV7938
E2061,198,NV7938
E2064,595,#N/A
E2065,595,#N/A
E2067,248,NV7932
E2068,328,NV7931
E2069,328,NV7930
E2069,328,NV7930
E2070,348,NV7929
E2070,348,NV7929
E2071,595,#N/A
E2072,248,NV7927
E2074,348,NV7925
E2074,348,NV7925
E2075,248,NV7924
E2076,128,NV7923
E2077,707,#N/A
E2078,707,NV7921
E2078,707,NV7921
E2079,430,NV7920
E2080,595,NV7919
E2081,350,NV7918
E2081,350,NV7918
E2082,178,NV7917
E2082,178,NV7917
E2084,148,NV7915
E2084,148,NV7915
E2085,375,NV7914
E2086,375,NV7913
E2086,375,NV7913
E2086,375,NV7913
E2087,178,NV7912
E2087,178,NV7912
E2088,350,NV7911
E2088,350,NV7911
E2096,298,NV7903
E2096,248,NV7903
E2097,298,NV7902
E2100,248,NV7899
E2100,248,NV7899
E2101,198,NV7898
E2102,198,NV7897
E2104,298,NV7895
E2104,298,NV7895
E2106,198,NV7893
E2107,732,NV7892
E2109,248,NV7890
E2110,298,NV7889
E2110,298,NV7889
E2112,595,#N/A
E2114,732,NV7885
E2118,298,NV7881
E2118,298,NV7881
E2121,198,NV7878
E2125,356,NV7874
E2136,198,NV7863
E2144,298,NV7855
E2148,248,NV7851
E2150,980,NV7849
E2150,980,NV7849
E2150,980,NV7849
E2152,298,NV7847
E2158,870,NV7841
E2158,870,NV7841
E2160,595,NV7839
E2161,595,NV7838
E2162,198,NV7837
E2165,298,NV7834
E2169,437,#N/A
E2171,497,NV7828
E2173,732,#N/A
E2180,298,NV7819
E2182,298,NV7817
E2204,198,NV7795
E2204,198,NV7795
E2204,198,NV7795
E2210,248,NV7789
E2210,248,NV7789
E2213,707,NV7786
E2213,707,NV7786
E2220,432,#N/A
E2223,148,#N/A
E2225,148,NV7774
E2225,148,NV7774
E2227,248,NV7772
E2227,248,NV7772
E2229,732,NV7770
E2229,732,NV7770
E2230,432,#N/A
E2231,432,NV7768
E2231,432,NV7768
E2233,870,NV7766
E2233,870,NV7766
E2241,595,NV7758
E2241,595,NV7758
E2241,595,NV7758
E2243,148,NV7756
E2244,198,NV7755
E2244,198,NV7755
E2245,198,NV7754
E2245,248,NV7754
E2247,732,#N/A
E2251,707,NV7748
E2252,707,NV7747
E2252,707,NV7747
E2253,707,NV7746
E2253,707,NV7746
E2254,707,NV7745
E2254,707,NV7745
E2255,248,NV7744
E2255,248,NV7744
E2256,707,NV7743
E2256,707,NV7743
E2257,707,NV7742
E2257,707,NV7742
E2258,707,NV7741
E2258,707,NV7741
E2259,248,NV7740
E2259,248,NV7740
E2262,198,NV7737
E2267,707,NV7732
E2267,707,NV7732
E2269,707,NV7730
E2269,707,NV7730
E2272,570,#N/A
E2274,570,#N/A
E2276,707,NV7723
E2276,707,NV7723
E2279,595,NV7720
E2280,198,NV7719
E2281,148,NV7718
E2281,248,NV7718
E2282,432,NV7717
E2282,432,NV7717
E2285,497,#N/A
E2287,497,NV7712
E2287,497,NV7712
E2289,497,NV7710
E2289,497,NV7710
E2291,198,NV7708
E2291,198,NV7708
E2292,198,NV7707
E2292,198,NV7707
E2296,422,NV7703
E2296,422,NV7703
E2303,732,#N/A
E2317,732,NV7682
E2317,732,NV7682
E2318,497,NV7681
E2318,497,NV7681
E2319,497,#N/A
E2320,497,NV7679
E2320,497,NV7679
E2322,497,NV7677
E2322,497,NV7677
E2324,870,NV7675
E2324,870,NV7675
E2326,497,NV7673
E2326,497,NV7673
E2327,595,NV7672
E2327,595,NV7672
E2327,595,NV7672
E2327,595,NV7672
E2327,595,NV7672
E2328,595,NV7671
E2328,595,NV7671
E2329,497,NV7670
E2329,497,NV7670
E2330,595,#N/A
E2331,497,NV7668
E2331,497,NV7668
E2333,595,NV7666
E2333,595,NV7666
E2334,595,NV7665
E2334,595,NV7665
E2335,732,NV7664
E2335,732,NV7664
E2336,595,NV7663
E2336,595,NV7663
E2340,707,NV7659
E2341,497,#N/A
E2342,732,#N/A
E2344,732,NV7655
E2345,732,#N/A
E2346,595,NV7653
E2350,732,#N/A
E2356,595,NV7643
E2356,595,NV7643
E2357,347,#N/A
E2360,595,NV7639
E2360,595,NV7639
E2361,347,#N/A
E2366,595,NV7633
E2366,595,NV7633
E2376,732,#N/A
E2378,870,#N/A
E2379,497,#N/A
E2385,595,NV7614
E2385,595,NV7614
E2388,497,NV7611
E2388,497,NV7611
E2389,595,NV7610
E2394,732,NV7605
E2395,497,NV7604
E2395,497,NV7604
E2398,732,#N/A
E2403,732,NV7596
E2405,732,NV7594
E2410,732,NV7589
E2410,732,NV7589
E2426,732,NV7573
E2427,732,#N/A
E2428,732,NV7571
E2428,732,NV7571
E2430,732,NV7569
E2431,732,NV7568
E2431,732,NV7568
E2432,732,#N/A
E2433,595,NV7566
E2433,595,NV7566
E2434,595,NV7565
E2434,595,NV7565
E2436,595,NV7563
E2437,595,NV7562
E2442,595,#N/A
E2448,732,NV7551
E2449,497,NV7550
E2460,732,NV7539
E2460,732,NV7539
E2478,732,#N/A
E2480,375,#N/A
E2481,375,#N/A
E2482,375,#N/A
E2483,375,#N/A
F1116,167,B8883
F570,167,B429
